Enddate,Name,Region,ID,Headline,Copyright
20240501,NienhagenMecklenburg,DE-DE,3604963569,"Vor lauter Bäumen den Wald nicht sehen","Weg durch den Gespensterwald bei Sonnenaufgang, Nienhagen, Mecklenburg-Vorpommern (© Martin Ruegner/Getty Images)"
20240502,CratersOfTheMoon,DE-DE,3535189706,"Mondlandschaften","Blue Dragon Lava Flow, Craters of the Moon National Monument, Idaho, USA (© Alan Majchrowicz/Getty Images)"
20240503,SonoranSpring,DE-DE,9357801866,"Wüstenblumen","Im Frühling blühende Sträucher, Sonora-Wüste, Arizona, USA (© Charles Harker/Getty Images)"
20240504,JediMonastery,DE-DE,1926121276,"Möge die Kraft mit Ihnen sein","Die Ruinen eines alten Klosters auf der Insel Skellig Michael, Irland (© MNStudio/Getty Images)"
20240505,SanMiguelAllende,DE-DE,2308730889,"Viva México!","Kolonnade in San Miguel de Allende, Guanajuato, Mexiko (© Mint Images/Getty Images)"
20240506,TheRoachesPeakDistrict,DE-DE,5320650823,"Ein Blick in den Peak District","The Roaches, Peak District, Vereinigtes Königreich (© George W Johnson/Getty Images)"
20240507,SuspensionBridge,DE-DE,5413963074,"Brücken verbinden, Distanzen überwinden","Titan RT - Fußgänger-Hängebrücke über Rappbodetalsperre und Rappbode im Nationalpark Harz, Sachsen-Anhalt (© Sander Meertins/Getty Images)"
20240508,PortMarseille,DE-DE,3194394496,"海港景色","伊夫堡，马赛，法国 (© Sergii Figurnyi/Alamy)"
20240509,EmirganPark,DE-DE,6431860562,"Orientalische Blumenteppiche","Tulpen im Emirgan-Park in Istanbul, Türkei (© Ozbalci/Getty Images)"
20240510,MisoolRajaAmpat,DE-DE,6830111784,"Ruf der Inseln","Misool, Raja Ampat, Archipel, Indonesien (© Giordano Cipriani/Getty Images)"
20240511,BlueCityIndia,DE-DE,7777501336,"Ein blaues Wunder der anderen Art","Die „Blaue Stadt“ Jodhpur, Rajasthan, Indien (© cinoby/Getty Images)"
20240512,GuanacoMother,DE-DE,8465520187,"Fröhlichen Muttertag!","Guanako-Weibchen und neugeborenes Baby im Grasland, La Pampa, Argentinien (© Gabriel Rojo/Minden Pictures)"
20240513,NamibiaCanyon,DE-DE,8827731731,"Weite Himmel, unendliche Schluchten","Fischfluss-Canyon, Namibia (© R. M. Nunes/Getty Images)"
20240514,CarlsbadNP,DE-DE,9906842955,"Geologische Größe","Gang der in den Big Room führt, Carlsbad-Caverns-Nationalpark, New Mexico, USA (© Doug Meek/Getty Images)"
20240515,RiverNekarHeidelberg,DE-DE,0017451449,"Deutsches Postkartenidyll","Blick über den Fluss Neckar auf das Stadtbild von Heidelberg, Baden-Württemberg (© Juergen Sack/Getty Images)"
20240516,DayOfLight,DE-DE,0376737244,"Eine neue Dimension?","„Gefühle sind Fakten“, Künstler Olafur Eliasson und Architekt Ma Yansong, Peking, China (© Feng Li/Getty Images News)"
20240517,TarangireElephants,DE-DE,6659781135,"Fröhliche Familie","Eine Familie afrikanischer Elefanten im Tarangire-Nationalpark, Tansania (© Vicki Jauron, Babylon and Beyond Photography/Getty Images)"
20240518,VernazzaItaly,DE-DE,7128590737,"5 Erden, 5 Juwelen","Vernazza, Cinque Terre, Ligurien, Italien (© Roberto Moiola/Sysaworld/Getty Images)"
20240519,NefertitiMuseum,DE-DE,7400530006,"Welches Museum besuchen Sie heute?","Die Büste der Königin Nofretete, Ägyptisches Museum, Museumsinseln Berlin (© Christophe Gateau/picture alliance via Getty Images)"
20240520,HoneycombBee,DE-DE,7958601447,"Summende Symmetrie","Biene bei der Pflege einer Wabe (© Simun Ascic/Alamy Stock Photo)"
20240521,MalaysiaTea,DE-DE,8270167574,"Hoch die Tassen!","Teeplantagen Cameron Highlands, Malaysia (© alex cheong/Getty Images)"
20240522,SnowGumTasmania,DE-DE,8538899812,"Tanz der Bäume","Tasmanischer Schnee-Eukalyptus (Eucalyptus pauciflora), Mount-Field-Nationalpark, Tasmanien, Australien (© Ignacio Palacios/Getty Images)"
20240523,IndianStarTortoise,DE-DE,8901102439,"Überall ein Haus, überall zu Hause?","Indische Sternschildkröte, Sri Lanka (© Robin Chittenden/Minden Pictures)"
20240524,OrdesaNationalPark,DE-DE,9218921574,"Bis zur Spitze","Añisclo-Schlucht, Nationalpark Ordesa y Monte Perdido, Huesca, Spanien (© Marisa Estivill/Shutterstock)"
20240525,MoroccoBenhaddou,DE-DE,9640944189,"Wüstenwächter des Wüstenzaubers","Aït-Ben-Haddou, Marokko (© Grant Faint/Getty Images)"
20240526,ElbeSandstone,DE-DE,9941836770,"Zwischen Himmel und Erde","Elbsandsteingebirge und Basteibrücke im Nationalpark Sächsische Schweiz, Sachsen (© Harald Nachtmann/Getty Images)"
20240527,SestriLevante,DE-DE,0573141632,"Sonne und Meer, Italien ich liebe dich sehr!","Baia del Silenzio in Sestri Levante, Ligurien, Italien (© StevanZZ/Getty Images)"
20240528,MeteoraMonastery,DE-DE,0965376311,"So hoch wie noch nie","Kloster Rousanou, Meteora, Thessalien, Griechenland (© Marius Roman/Getty Images)"
20240529,MullOtter,DE-DE,1417523024,"Putzig und lustig","Europäischer Fischotter, Loch Spelve, Isle of Mull, Schottland (© Neil Henderson/Alamy Stock Photo)"
20240530,Everglades90th,DE-DE,6253688442,"Naturjuwel","Sumpf-Kiefer, Everglades-Nationalpark, Florida, USA (© Jonathan Gewirtz/Tandem Stills + Motion)"
20240531,YorkshireDalesNP,DE-DE,2262987650,"Ein Paradies in Grün","Gunnerside, Swaledale, Yorkshire Dales National Park, England (© Derek Croucher/Alamy Stock Photo)"
20240601,PrideMonthSF,DE-DE,2818464419,"Stolz, kein Vorurteil","Das Rathaus von San Francisco erstrahlt in Regenbogenfarben anlässlich der Pride, Kalifornien, USA (© Josh Edelson/AFP via Getty Images)"
20240602,MenRuz,DE-DE,4765276671,"Ein Licht in der Nacht","Leuchtturm Ploumanac'h, Côtes-d'Armor, Frankreich (© Christian Handl/Getty Images)"
20240603,CopenhagenBicycles,DE-DE,6785283446,"Das Glück hat zwei Räder","Fahrräder in Kopenhagen, Dänemark (© Alphotographic/Getty Images)"
20240604,ChestnutBeeEater,DE-DE,7400779777,"Gleich und gleich gesellt sich gern","Bienenfresser, Bardia-Nationalpark, Nepal (© PACO COMO/Shutterstock)"
20240605,MadagascarRiver,DE-DE,7722316951,"Herzlichen Glückwunsch, liebe Erde!","Masoala-Nationalpark in Madagaskar (© Dennis van de Water/Shutterstock)"
20240606,RossfeldRoad,DE-DE,6613150514,"Ein Blick in die Alpenlandschaft","Luftaufnahme der Rossfeld-Panoramastraße, Berchtesgaden, Deutschland (© DieterMeyrl/Getty Images)"
20240607,HumpbackFamily,DE-DE,8013802672,"Hoffnungsvolle Wellen","Buckelwalfamilie, Dutch Harbor, Alaska (© Jude Newkirk/Amazing Aerial Agency)"
20240608,KillikRiverAlaska,DE-DE,8386979162,"Ein nasses Zusammentreffen","Zusammenfluss von Easter Creek und Killik River, Gates-of-the-Arctic-Nationalpark, Alaska, USA (© Patrick J. Endres/Getty Images)"
20240609,KlosterKamp,DE-DE,6407205141,"Ein paradiesischer Garten","Kloster Kamp mit Terrassengarten und Klosterbarockgarten, Kamp-Lintfort, Niederrhein (© Hans Blossey/Alamy)"
20240610,OsakaNight,DE-DE,9198520321,"Ein japanischer Schmelztiegel","Osaka bei Nacht, Japan (© wichianduangsri/Getty Images)"
20240611,GemsbokBotswana,DE-DE,9586161509,"Meister der Anpassung","Spießbock in der Savanne, Botswana (© Karine Aigner/Tandem Stills + Motion)"
20240612,BigBendMilkyWay,DE-DE,9932033977,"Ein galaktischer Gig","Milchstraße über dem Big-Bend-Nationalpark, Texas, USA (© wisanuboonrawd/Adobe Stock)"
20240613,RegistanUzbekistan,DE-DE,0297910623,"Zauberhafte Ziegeln","Mosaik-Fassade auf dem Registan-Platz, Samarkand, Usbekistan (© da-kuk/Getty Images)"
20240614,PeggysCove,DE-DE,6175899520,"Allein, aber nie einsam","Leuchtturm Peggy’s Point, Nova Scotia, Kanada (© Pugalenthi/Getty Images)"
20240615,NazareWave,DE-DE,6510576584,"Die perfekte Welle","Wellenreiter in Nazaré, Portugal (© Rui Caria/Getty Images)"
20240616,Ruinenberg,DE-DE,5900996291,"In der Ruhe liegt die Kraft","Ruinenberg, ein Hügel im Potsdamer Stadtteil Bornstedt (© Sabina Berezina/Getty Images)"
20240617,HummingThistle,DE-DE,7552143842,"Der goldene Staub des Lebens","Grünstirn-Brillantkolibri mit Riesendistel, Cerro de la Muerte, Costa Rica (© adrian hepworth/Alamy Stock Photo)"
20240618,LupinIceland,DE-DE,8795741566,"Himmelsrichtung Sommer","Lupinenfelder und Kirche bei Sonnenaufgang, Snæfellsnes-Halbinsel, Island (© Matteo Colombo/Getty Images)"
20240619,CuxhavenTower,DE-DE,4991048453,"Ein historisches Denkmal","Wasserturm in Cuxhaven, Deutschland (© Andreas Vogel/Alamy)"
20240620,KokinoMacedonia,DE-DE,0078075426,"Sonnenaufgang bei Sonnenwende","Kokino, ein antikes megalithisches Observatorium, Nordmazedonien (© stoimilov/Shutterstock)"
20240621,LewaGiraffe,DE-DE,0857828620,"Verbindungspunkte","Netzgiraffenmutter begrüßt ihr Kalb, Lewa Wildlife Conservancy, Kenia (© Sean Crane/Minden Pictures)"
20240622,BrazilRainforest,DE-DE,1305753130,"Nebelzüge","Amazonas-Regenwald, Brasilien (© Claus Meyer/plainpicture)"
20240623,DhakaBangladesh,DE-DE,1601087316,"Lichter der Stadt in dunkler Nacht","Luftaufnahme eines Verkehrskreisels in Dhaka, Bangladesch (© Azim Khan Ronnie/Amazing Aerial Agency)"
20240624,FloresIsland,DE-DE,4765362804,"Eine atemberaubende Aussicht","Vulkanische Kraterseen auf Kelimutu, Flores, Indonesien (© Shane P. White/Minden Pictures)"
20240625,FireWave,DE-DE,5152137899,"Zu heiß zum surfen, „cool“ zum Fotografieren","Die Felsformation Fire Wave, Valley of Fire State Park, Nevada, USA (© Clint Losee/Tandem Stills + Motion)"
20240626,CardinalfishAnemone,DE-DE,5420606353,"Tolle Streifen!","Junger Banggai Kardinalbarsch mit Seeanemone, Lembeh Strait, Nordsulawesi, Indonesien (© Constantinos Petrinos/NPL/Minden Pictures)"
20240627,FlorenceDuomo,DE-DE,5707653753,"Kuppeln, überall Kuppeln","Dom Santa Maria del Fiore in der Abenddämmerung, Florenz, Italien (© Elena Pueyo/Getty Images)"
20240628,AllianzArena,DE-DE,5063263728,"Liebe ist Liebe","Die Allianz Arena in Regenbogenfarben beleuchtet, München, Deutschland (© Marci Kost/Getty Images)"
20240629,TourCorsica,DE-DE,8597193744,"Korsika gewinnt das Rennen","Radsportler bei der Tour de France 2013, Korsika, Frankreich (© Pascal Pochard-Casabianca/AFP via Getty Images)"
20240630,UbudBali,DE-DE,9291119795,"Mythische Steingeschöpfe","Steinmetzarbeiten in einem Tempel in Ubud, Bali, Indonesien (© R. Schönebaum/plainpicture)"
20240701,HeidelbergCastle,DE-DE,7111251205,"Ein fränkisches Märchenschloss","Schloss Heidelberg, Heidelberg, Baden-Württemberg (© Hans Blossey/Alamy)"
20240702,ItalicaRuins,DE-DE,9553207301,"Spuren aus der Vergangenheit","Italica, eine alte römische Stadt in Santiponce, Sevilla, Andalusien, Spanien (© Moses Palermo/Amazing Aerial Agency)"
20240703,MeerkatManor,DE-DE,0148394224,"Bereit für das nächste Abenteuer?","Erdmännchenfamilie (© anetapics/Shutterstock)"
20240704,ZaharaDeLaSierra,DE-DE,0508508511,"Ein lebendiges Kunstwerk","Zahara de la Sierra, Andalusien, Spanien (© Francesco Carovillano/eStock Photo)"
20240705,NoahBeach,DE-DE,1036952164,"Wenn die Küste das Meer küsst","Noah Beach im Daintree Rainforest, Queensland, Australien (© bjeayes/Getty Images)"
20240706,ConwyRiver,DE-DE,2411903151,"Leinen los!","Conwy Castle mit Blick über den Fluss Conwy, Wales (© David Chapman/Alamy Stock Photo)"
20240707,YenBaiTerraces,DE-DE,2818118269,"Wie du säst, so wirst du ernten.","Reisterrassen von Mù Cang Chải, Provinz Yên Bái, Vietnam (© Kiatanan Sugsompian/Getty Images)"
20240708,NorwayBlueberries,DE-DE,3041672461,"Eine Portion Antioxidantien","Wilde Heidelbeeren (© Baac3nes/Getty Images)"
20240709,TalampayaNP,DE-DE,3711851813,"Für die Ewigkeit gemacht","Nationalpark Talampaya, Provinz La Rioja, Argentinien (© Gonzalo Azumendi/Getty Images)"
20240710,CollaredAracari,DE-DE,4220062788,"Bunt, stolz und unverwechselbar","Halsbandarassari, Costa Rica (© Juan Carlos Vindas/Getty Images)"
20240711,GangiSicily,DE-DE,4531424079,"Wir sind 8,1 Milliarden","Gangi, Sizilien, Italien (© Andrea Caruso/Amazing Aerial Agency)"
20240712,RainierWildflowers,DE-DE,3042432788,"Der Ruf der Freiheit","Wildblumen im Mount Rainier-Nationalpark, Washington, USA (© RomanKhomlyak/Getty Images)"
20240713,CappadociaRocks,DE-DE,6351998618,"Zwischen Feen und Zauberern","Feenkamine und Höhlenwohnungen in Kappadokien, Türkei (© Storm Is Me/Shutterstock)"
20240714,IntNatTheatreMunich,DE-DE,4410278977,"Die Kunst der großen Emotionen","Münchner Opernfestspiele, München (© B.O'Kane/Alamy Stock Photo)"
20240715,TateishiPark,DE-DE,4909574611,"Traumhafte Meereskulisse","Tateishi Park, Präfektur Kanagawa, Japan (© blew_s/Shutterstock)"
20240716,AncientOrkney,DE-DE,5345026370,"Auf den Spuren der Vergangenheit","Die jungsteinzeitliche Siedlung von Skara Brae, Orkney, Schottland (© Paul Williams - FunkyStock/Getty Images)"
20240717,MedievalRothenburg,DE-DE,5939430104,"Eindrucksvolle Mauern","Mittelalterliche Stadt Rothenburg ob der Tauber, Deutschland (© kanuman/Getty Images)"
20240718,MayotteCoral,DE-DE,6359801272,"Tiefgründig und bedeutsam","Korallenriff im Indischen Ozean, Mayotte, Frankreich (© Gabriel Barathieu/Minden Pictures)"
20240719,YoungJaguar,DE-DE,4250993040,"Clevere Tarnung","Ein junger Jaguar am Flussufer, Pantanal, Brasilien (© Tambako the Jaguar/Getty Images)"
20240720,MineralMoon,DE-DE,4896248941,"Die Lampe der Nacht","Der Mond (© Victor Blum/Getty Images)"
20240721,ZanzibarBoats,DE-DE,5749143467,"Einfach mal treiben lassen","Hölzerne Fischerboote im Dorf Kendwa, Sansibar, Tansania (© Lubos Paukeje/Alamy)"
20240722,WickerBeachBaskets,DE-DE,6881369278,"Ein Wohnzimmer am Meer","Strandkörbe auf der Insel Rügen, Deutschland (© Peter Adams/Getty images)"
20240723,MethoniCastle,DE-DE,8197335840,"Auf den Spuren der Geschichte","Burg von Methoni, Messenien, Griechenland (© Andrew Mayovskyy/Shutterstock)"
20240724,SheepCousins,DE-DE,1595160882,"Ganz schön flauschig","Herde von Swaledale-Schafen in North Yorkshire, England (© R A Kearton/Getty Images)"
20240725,SmokyMountainTrail,DE-DE,2050151888,"Mittendrin statt nur dabei","Waldweg im Great-Smoky-Mountains-Nationalpark, Tennessee, USA (© putmanphoto/Getty Images)"
20240726,PontNeuf,DE-DE,3491182844,"Mögen die Spiele beginnen!","Pont Neuf über der Seine, Paris, Frankreich (© f11photo/Getty Images)"
20240727,RhinelandVineyards,DE-DE,4066969313,"Riesling in Perfektion","Weinberge im Moseltal, Rheinland-Pfalz (© Jorg Greuel/Getty Images)"
20240728,BeachHutsSweden,DE-DE,4614841617,"Farbenfrohe Küste","Badehütten am Strand in der Provinz Skåne Iän, Schweden (© Martin Wahlborg/Getty Images)"
20240729,CorbettTigers,DE-DE,5462654549,"Die unzähmbare Majestät der Wildnis","Tigergeschwister im Jim-Corbett-Nationalpark, Uttarakhand, Indien (© Sourabh Bharti/Getty Images)"
20240730,GrayWolfPups,DE-DE,4132223507,"Ein Fest der Verbundenheit","Spielende Wolfswelpen in Deutschland (© Westend61/Getty Images)"
20240731,HoodoosBryce,DE-DE,5899937374,"Ein Wald aus Steinen","Hoodoos, Sunset Point, Bryce Canyon Nationalpark, Utah, USA (© Tim Fitzharris/Minden Pictures)"
20240801,KaptaiLake,DE-DE,6482554434,"Fruchtige „Ange-Boote”","Schwimmender Markt, Karnaphuli-Stausee, Rangamati, Bangladesch (© Azim Khan Ronnie/Amazing Aerial Agency)"
20240802,TrunkBay,DE-DE,7701117675,"Irgendwo unter dem Regenbogen","Trunk Bay, Virgin-Islands-Nationalpark, Saint John, USA (© cdwheatley/Getty Images)"
20240803,WulongKarst,DE-DE,9180126373,"Beeindruckende Brücken","Die drei natürlichen Brücken, Wulong Nationalpark, China (© Pav-Pro Photography Ltd/Shutterstock)"
20240804,SellinSeebruecke,DE-DE,4280331105,"Ein echtes Nordlicht","Sellin Seebrücke, Sellin, Rügen (© SW Travel Imagery/Alamy Foto de stock)"
20240805,HertfordshireLavender,DE-DE,9702415169,"Ein violettes Blütenmeer","Lavendelfeld, Hertfordshire, England, Großbritannien (© George W Johnson/Getty Images)"
20240806,MolokiniHawaii,DE-DE,0192501099,"Eine malerische Halbmondinsel","Molokini, Maui, Hawaii, USA (© Douglas Peebles/eStock Photo)"
20240807,MichiganLighthouse,DE-DE,1121606429,"Leuchttürme stehen fest, egal wie stark der Sturm ist","St. Joseph Leuchttürme, Michigan, USA (© Kenneth Keifer/Getty Images)"
20240808,SpottedOwlet,DE-DE,2767331141,"Diese kleine Eule lässt sich nichts entgehen","Fleckenkauz, Bangkok, Thailand (© Tfilm/Getty Images)"
20240809,IncaRuinPeru,DE-DE,5129172652,"Indigene Kulturschätze","Inka-Ruine Sacsayhuamán bei Cusco, Peru (© SL_Photography/Getty Images)"
20240810,Elbphilharmonie,DE-DE,2773966721,"Eine kulturelle Wiedergeburt","Luftaufnahme der Elbphilharmonie in Hamburg (© Michael Abid/Alamy)"
20240811,TofinoVancouver,DE-DE,0365481347,"Ein geheimnisvoller Pfad","Holzpfad zum Kennedy Lake, Vancouver Island, Kanada (© EB Adventure Photography/Shutterstock)"
20240812,ElephantsAmboseli,DE-DE,5375674249,"Majestätische Präsenz in Gefahr","Afrikanische Elefanten, Amboseli-Nationalpark, Kenia (© Ruzdi Ekenheim/Getty Images)"
20240813,DugiOtokCroatia,DE-DE,7505074249,"Adriatische Schönheit","Klippen des Naturparks Telašćica, Insel Dugi Otok, Kroatien (© Ilija Ascic/Shutterstock)"
20240814,WatarrkaLizard,DE-DE,9933808585,"Eine stachelige Angelegenheit","Dornteufel, Watarrka-Nationalpark, Australien (© Yva Momatiuk and John Eastcott/Minden Pictures)"
20240815,HangCave,DE-DE,9528025476,"Lichtspiele unter der Erde","Hang Sơn Đoòng-Höhle, Nationalpark Phong Nha-Kẻ Bàng, Vietnam (© Geng Xu/Getty Images)"
20240816,JapanRollerCoaster,DE-DE,2240435851,"Purer Nervenkitzel","Achterbahn im Nagashima Spa Land, Präfektur Mie, Japan (© Japanese amateur photographer/Getty Images)"
20240817,AlfanzinaLighthouse,DE-DE,1525391215,"Licht am Horizont","Leuchtturm Alfanzina, Algarve, Portugal (© Andreas Kunz/Getty Images)"
20240818,ExternsteineTeutoburg,DE-DE,6454962619,"Magische Steinzeitfelsen","Externsteine im Teutoburger Wald, Nordrhein-Westfalen (© MoJoLo/Panther Media GmbH/Alamy Stock Photo)"
20240819,RegataSanGines,DE-DE,4289172038,"Prickelnde Performance","Bufadero de la Garita, Gran Canaria, Spain (© Marco Bottigelli/Getty Images)"
20240820,TetonSunrise,DE-DE,4508190035,"Spieglein, Spieglein...","Sunrise at Grand Teton National Park, Wyoming (© Kurt Budliger/Tandem Stills + Motion)"
20240821,NazcaBooby,DE-DE,4166960600,"Ein schlaues Kerlchen","Nazcatölpel, Wolfsinsel, Galápagos-Inseln, Ecuador (© Tui De Roy/Minden Pictures)"
20240822,OceanCityMD,DE-DE,3767484074,"Faszinierende Morgenröte","Luftaufnahme von Ocean City bei Sonnenaufgang, Maryland, USA (© Kevin Olson/Amazing Aerial Agency)"
20240823,PrasatPhanom,DE-DE,7459210012,"Eine Tür zur Vergangenheit","Tempelruinen von Phanom Rung, Provinz Buriram, Thailand (© Banjongseal324/Getty Images)"
20240824,MuseumsinselSpree,DE-DE,8201453372,"Nachts im Museum","Museumsinsel auf der Spree und Fernsehturm, Berlin (© TomasSereda/Getty Images)"
20240825,VineyardsinRemstalvalley,DE-DE,8704317940,"Ein Paradies für Weinliebhaber","Drohnenansicht der Weinberge im Remstal, Baden-Württemberg (© Westend61/Getty Images)"
20240826,PalmyraAtoll,DE-DE,5676612889,"Idyllisches Inselparadies","Schutzgebiet Palmyra-Atoll, Pazifischer Ozean, USA (© Ian Shive/Tandem Stills + Motion)"
20240827,YoungCaiman,DE-DE,7313829626,"Einfach mal abtauchen!","Junger schwarzer Kaiman, Reserva Nacional Tambopata, Peru (© Maxime Aliaga/Minden Pictures)"
20240828,ParalympicsParis,DE-DE,3278467124,"Auf die Plätze, fertig, los!","Montmartre und Sacre Cœur, Paris, Frankreich (© Tuul &amp; Bruno Morandi/Getty Images)"
20240829,CastellfollitSpain,DE-DE,7979269591,"Ein atemberaubendes Panorama","Castellfollit de la Roca, Katalonien, Spanien (© Eloi_Omella/Getty Images)"
20240830,WhaleSharkDay,DE-DE,9045925984,"Majestätische Unterwasserriesen","Walhai in der Cenderawasih-Bucht, West Papua, Indonesien (© Andy Lerner/Tandem Stills + Motion)"
20240831,DjanetAlgeria,DE-DE,9446379437,"Eine felsige Wüstenlandschaft","Felsformationen in der Sahara, Djanet, Algerien (© Airpano/Amazing Aerial Agency)"
20240901,ThamesLondon,DE-DE,0223400196,"Der Fluss der Zeit","Themse, London, England (© Puthipong Worasaran/Getty Images)"
20240902,BuracodasAraras,DE-DE,8804802285,"Fliegende Farbexplosion","Rot-grüne Aras, Mato Grosso do Sul, Brasilien (© Ellen Goff/Danita Delimont)"
20240903,AlpineLakes,DE-DE,0921479512,"Zauberhafte Wildnis","Crystal Lake in den Enchantments, Alpine Lakes Wilderness, Washington, USA (© Mitch Pittman/Tandem Stills + Motion)"
20240904,DuskyOwls,DE-DE,1251666767,"Gleich und gleich gesellt sich gern","Koromandeluhus, Pakistan (© zahoor salmi/Getty Images)"
20240905,TIFF2024,DE-DE,1559469948,"Der rote Teppich ist ausgerollt!","Skyline der Stadt Toronto am Ontariosee, Kanada (© Roberto Machado Noa/Getty Images)"
20240906,GlenariffPark,DE-DE,2551024301,"Buchstäbliche Weisheit","Alte Buche, Glenariff Forest Park, Grafschaft Antrim, Nordirland (© Dawid K Photography/Shutterstock)"
20240907,SantaCruzHummer,DE-DE,2867503109,"Bunte Flugkünstler","Annakolibri, Santa Cruz, Kalifornien, USA (© yhelfman/Getty Images)"
20240908,StockholmLibrary,DE-DE,3864288273,"Ein globales Kapitel","Innenraum der Stadtbibliothek Stockholm, Schweden (© Andrei Hrabun/Alamy Stock Photo)"
20240909,IguazuRainbow,DE-DE,8361660628,"Regenbogenwellen","Iguazú-Wasserfälle an der Grenze zwischen Argentinien und Brasilien (© AirPano LLC/Amazing Aerial Agency)"
20240910,BridgeLisbon,DE-DE,9301189449,"Der Himmel ist die Grenze","Ponte Vasco da Gama, Lissabon, Portugal (© Achim Thomae/Getty Images)"
20240911,EltzCastle,DE-DE,9717708394,"Ein Märchen aus Stein","Burg Eltz, Wierschem, Rheinland-Pfalz (© Allard Schager/Alamy)"
20240912,DolphinReunion,DE-DE,0331198216,"Das Lächeln des Ozeans","Delfine in der Nähe der Insel Réunion, Indischer Ozean, französisches Überseegebiet (© Joost van Uffelen/Shutterstock)"
20240913,SanssouciPalace,DE-DE,1364639804,"Ein stilvoller Spaziergang","Schloss Sanssouci, Schlosspark, Potsdam, Brandenburg (© Günter Gräfenhain/Alamy)"
20240914,RapaNuiSunrise,DE-DE,1697921573,"Spirituelles Erwachen","Sonnenaufgang am Ahu Tongariki, Nationalpark Rapa Nui, Osterinsel, Chile (© Piriya Photography/Getty Images)"
20240915,CalabriaPeperoncino,DE-DE,2438358101,"Kristallblau trifft Feuerrot","Strand von Arco Magno, Kalabrien, Italien (© Alessio de Cicco/Getty Images)"
20240916,SunriseWallabies,DE-DE,3495794966,"Leichtfüßige Hüpfer","Wallabys bei Sonnenaufgang, Adelaide River, Nordterritorium, Australien (© Jeremy Woodhouse/Getty Images)"
20240917,MidAutumnSingapore,DE-DE,3783759874,"Laternen und Mondkuchen","Mondfest in den Gardens by the Bay, Singapur (© Victor Y. Zhuo/Alamy Stock Photo)"
20240918,GujoHachiman,DE-DE,4199645559,"Eine Burg in den Wolken","Burg Gujō Hachiman, Präfektur Gifu, Japan (© ta2funk ito/500px/Getty Images)"
20240919,PiratePlayground,DE-DE,1271475836,"An Deck, ihr Landratten!","Spielplatz am Leuchtturm Obereversand in Dorum-Neufeld, Deutschland (© INGO WAGNER/DPA/AFP via Getty Images)"
20240920,OcracokeLight,DE-DE,4329523097,"Strahlender Wegweiser","Ocracoke-Leuchtturm auf Ocracoke Island, North Carolina, USA (© Chansak Joe/Getty Images)"
20240921,SpatenBeerTent,DE-DE,4425745255,"O’zapft is","Menschen im „Spaten“-Bierzelt auf dem größten Volksfest der Welt, Oktoberfest 2017, München, Bayern (© FooTToo/Getty Images)"
20240922,AutumnCumbria,DE-DE,9036257746,"Wenn die Bäume flüstern","Buttermere, Lake District National Park, England, Vereinigtes Königreich (© Alan Novelli/Alamy Stock Photo)"
20240923,IcebergOtter,DE-DE,4856944180,"Frostige Freude","Seeotter, Prince-William-Sund, Alaska, USA (© Gerald Corsi/Getty Images)"
20240924,SkaftafellWaterfall,DE-DE,5014328523,"Wasserfall im Herbstlicht","Wasserfall in Skaftafell, Vatnajökull-Nationalpark, Island (© Nopasorn Kowathanakul/Getty Images)"
20240925,GiantSequoias,DE-DE,0297473056,"Riesen aus Holz und Zeit","Riesenmammutbäume, Sequoia-Nationalpark, Kalifornien, USA (© Galyna Andrushko/Shutterstock)"
20240926,TajMahalReflection,DE-DE,5120779662,"Geste der Liebe","Taj Mahal in Agra, Uttar Pradesh, Indien (© Tanarch/Getty Images)"
20240927,VeniceAerial,DE-DE,9588219063,"Götter über den Kanälen","Luftaufnahme des Canale Grande und der Basilica di Santa Maria della Salute, Venedig, Italien (© Bachir Moukarzel/Amazing Aerial Agency)"
20240928,FloridaSeashore,DE-DE,5371597914,"Strand in Sicht","Strand bei Sonnenaufgang, Gulf Islands National Seashore, Florida, USA (© Tim Fitzharris/Minden Pictures)"
20240929,ConnecticutBridge,DE-DE,5467033007,"Brücken vereinen, Flüsse begleiten","West Cornwall Covered Bridge über den Housatonic River, Connecticut, USA (© pabradyphoto/Getty Images)"
20240930,WalrusNorway,DE-DE,5538217072,"Feier in der Mitternachtssonne","Walrossherde im nördlichen Spitzbergen, Svalbard-Archipel, Norwegen (© AWL Images/DanitaDelimont)"
20241001,HalfDomeYosemite,DE-DE,5765529355,"Im Schatten des Giganten","Half Dome, Yosemite-Nationalpark, Kalifornien, USA (© Adam Burton/Alamy Stock Photo)"
20241002,WindRiverAlaska,DE-DE,4243955227,"Lichtbänder im Wasserwirbel","Wind River, Brooks Range, Arctic National Wildlife Refuge, Alaska, USA (© Design Pics/DanitaDelimont)"
20241003,BerlinWallBlueHands,DE-DE,6022715375,"Die Gedanken sind frei","Tag der Deutschen Einheit, Berlin (© pensatyva/Getty Images)"
20241004,EuropaMoon,DE-DE,7966877532,"Ein eisiger Mond","Jupiters Eismond Europa (© NASA/JPL-Caltech/SETI Institute)"
20241005,ElephantTeacher,DE-DE,8807070034,"Belehren oder inspirieren?","Afrikanische Elefanten im Tsavo-East-Nationalpark, Kenia (© Neil Bowman/Minden Pictures)"
20241006,BerlinConcertHallFestivalofLights,DE-DE,1090691492,"Berliner Lichtspiele","Festival of Lights, Berlin (© JOHN MACDOUGALL/Getty Images)"
20241007,ElbePhilharmonic,DE-DE,0654455444,"Träume nehmen Gestalt an","Die Elbphilharmonie in Hamburg (© Canetti/Shutterstock)"
20241008,MototiOctopus,DE-DE,2317582998,"Schlaue Kerlchen mit drei Herzen","Mototi-Oktopus, Lembeh Strait, Indonesien (© Howard Chew/Alamy)"
20241009,PotsdamerPlatzBerlin,DE-DE,6566333403,"Zwischen Himmel und Hölle","Potsdamer Platz in Berlin (© franckreporter/Getty Images)"
20241010,SoranoItaly,DE-DE,6035116338,"Ein Tuffsteindorf in der Toskana","Sorano, Toskana, Italien (© Luigi Vaccarella/eStock Photo)"
20241011,CelticColours,DE-DE,5682241306,"Keltische Farbexplosion","Cape Breton Highlands, Nova Scotia, Kanada (© Cavan Images/Alamy)"
20241012,QuebecDuck,DE-DE,2140613391,"Im Reisefieber","Brautente, Quebec, Kanada (© Maxime Riendeau/Getty Images)"
20241013,AlcazarSeville,DE-DE,3041524458,"1000 und eine Nacht","Innenhof der Jungfrauen, Alcázar von Sevilla, Spanien (© Danny Lehman/Getty Images)"
20241014,CocoBeach,DE-DE,0655517413,"Ein indisches Strandparadies","Fischerboote am Coco Beach in Goa, Indien (© Abhinav Sah/Shutterstock)"
20241015,MaraMigration,DE-DE,2892375339,"Wettlauf ums Überleben","Große Gnuwanderung am Mara-Fluss, Kenia (© Ayzenstayn/Getty Images)"
20241016,FossilsDorset,DE-DE,5527314579,"Zeitzeugen einer vergangenen Welt","Fossilien von Belemniten und Ammoniten, Jurassic Coast, Dorset, England (© Nature Picture Library/Alamy)"
20241017,KochiaJapan,DE-DE,4546575583,"Japanisches Flammenmeer","Sommerzypressen, Präfektur Ibaraki, Japan (© DigiPub/Getty Images)"
20241018,CentralParkAutumn,DE-DE,2757358246,"邂逅秋日的林荫道","曼哈顿中央公园的秋天，纽约，美国 (© mapman/Shutterstock)"
20241019,DenderaTemple,DE-DE,9209425729,"Auf den Spuren der Vergangenheit","Hathortempel, Dendera-Tempelkomplex, Qena, Ägypten (© Nick Brundle Photography/Getty Images)"
20241020,SmilingSloth,DE-DE,3423910925,"Cool abhängen","Dreizehenfaultier in Costa Rica (© Harry Collins/Getty Images)"
20241021,GermanyBaldeneyseeFall,DE-DE,3538373815,"Goldene Momente","Herbstbäume am Baldeneysee, NRW (© Simon Perez/Alamy Stock Photo)"
20241022,MonsterDoor,DE-DE,5408236104,"Groteske Gesichter","Palazzo Zuccari, Rom, Italien (© Photon-Photos/Getty Images)"
20241023,MadameSherriCastle,DE-DE,5744863677,"Eine Treppe zum Himmel","Madame Sherri Forest und die Überreste einer alten Burg, New Hampshire, USA (© yggdrasill/Shutterstock)"
20241024,HumboldtUniversityLibrary,DE-DE,9129729075,"Geometrie der Weisheit","Die Bibliothek der Humboldt-Universität in Berlin (© Hemis/Alamy Stock Photo)"
20241025,MontBlancMassif,DE-DE,0416304565,"Ein geheimnisvoller Gipfel","Mont Blanc in Chamonix, Frankreich (© Simon Schöpf/Getty Images)"
20241026,GhostForest,DE-DE,7650231907,"Achtung Gespenster!","Gespensterwald, Nienhagen, Mecklenburg-Vorpommern (© mauritius images GmbH/Alamy Stock Photo)"
20241027,PolarBearHug,DE-DE,3605401727,"Eine bärige Umarmung","Eisbär mit Jungtier, Churchill, Manitoba, Kanada (© Design Pics/plainpicture)"
20241028,PumpkinMist,DE-DE,2695575540,"Die Zeit ist reif!","Kürbisfeld, Victoria, British Columbia, Kanada (© Shaun Cunningham/Alamy Stock Photo)"
20241029,GreatOwl,DE-DE,5072344548,"Philosophen des Waldes","Virginia-Uhu (© Mark Newman/Getty Images)"
20241030,HauntedEdinburgh,DE-DE,5335021616,"Ein verfluchtes Schloss?","Blick auf Edinburgh Castle von einem Kirchhof in Schottland, Vereinigtes Königreich (© Chris Dorney/Alamy Stock Photo)"
20241031,GargoyleParis,DE-DE,9566321250,"Süßes oder Saures?","Chimäre von Notre-Dame de Paris, Frankreich (© scaliger/Getty Images)"
20241101,VineyardsBlackForestFall,DE-DE,2832375252,"Ein stolzes Erbe","Luftaufnahme von Weinbergen im Herbst, Varnhalt, Schwarzwald, Baden-Württemberg (© Sabine Gerold/Amazing Aerial Agency)"
20241102,BisonYellowstone,DE-DE,2653068985,"Symbol der Stärke","Amerikanischer Bison im Yellowstone-Nationalpark, Wyoming, USA (© Ian Shive/TANDEM Stills + Motion)"
20241103,YucatanBiosphere,DE-DE,7980917018,"Wo Natur auf Nachhaltigkeit trifft","Flamingo-Ei im Nest, Biosphärenreservat Ría Lagartos, Yucatán, Mexiko (© Claudio Contreras/Minden Pictures)"
20241104,CumbriaAutumn,DE-DE,9239463628,"Wo Poesie und Natur aufeinandertreffen","Grasmere, Lake District, Cumbria, England (© Thomas Molyneux/Getty Images)"
20241105,LencoisMaranhao,DE-DE,9846218597,"Überirdische Schönheit","Sonnenuntergang im Nationalpark Lençóis Maranhenses, Maranhão, Brasilien (© thanosquest/Shutterstock)"
20241106,ShiShiBeach,DE-DE,0173093107,"Magie des Abendlichts","Shi Shi Beach im Olympic-Nationalpark, Washington, USA (© T.M. Schultze/TANDEM Stills + Motion)"
20241107,CanadaWolves,DE-DE,4376564886,"Wölfe in freier Wildbahn","Kanadische Küstenwölfe im Great Bear Rainforest, British Columbia, Kanada (© Nick Garbutt/Alamy)"
20241108,GlacialRivers,DE-DE,4755000150,"Das Land aus Feuer und Eis","Luftaufnahme von Gletscherflüssen in Island (© rybarmarekk/Shutterstock)"
20241109,MoroccoMilkyWay,DE-DE,1390989732,"Unter dem Sternenzelt","Milchstraße, Aït-Ben-Haddou, Marokko (© Cavan Images/Getty Images)"
20241110,YucatanFlamingos,DE-DE,2009828774,"Eleganz in der Luft","Kubaflamingos, Halbinsel Yucatán, Mexiko (© Claudio Contreras/NPL/Minden Pictures)"
20241111,Banff24,DE-DE,3210390625,"Winterzauber in den kanadischen Rockies","Sonnenuntergang im Banff-Nationalpark, Alberta, Kanada (© fywPhoto 云卷云舒/Getty Images)"
20241112,MoselleValleyChurchTowerFall,DE-DE,0272111000,"Magische Schleife der Natur","Kirchturm von Bremm an der Moselschleife, Rheinland-Pfalz (© Jan Wehnert/Shutterstock)"
20241113,KelpForest,DE-DE,3474015808,"Der König der Meere","Kalifornischer Seelöwe in einem Wald aus Riesentang, Baja California, Mexiko (© Claudio Contreras/Minden Pictures)"
20241114,ManarolaItaly,DE-DE,4688511663,"Wenn Märchen wahr werden","Manarola, Nationalpark Cinque Terre, Ligurien, Italien (© John_Silver/Shutterstock)"
20241115,YiPengLanterns,DE-DE,1312879989,"Lichter der Hoffnung","Yi Peng lantern festival, Chiang Mai, Thailand (© tampatra/Getty Images)"
20241116,FrieslandNetherlands,DE-DE,2101104356,"Schlick, Meer und Himmel","Wattenmeerküste bei Moddergat, Friesland, Niederlande (© Ron ter Burg/Minden Pictures)"
20241117,RedStag,DE-DE,2144943138,"König der schottischen Highlands","Rothirsch im Caledonian Forest, Glen Affric, Schottische Highlands (© Terry Whittaker/Alamy)"
20241118,PorthcawlLighthouse,DE-DE,2845400826,"Seit 1860 ein treuer Wegbegleiter","Porthcawl Lighthouse, Südwales, UK (© Leighton Collins/Alamy)"
20241119,GermanyEuropeanWhiteBirchAutumn,DE-DE,4170358667,"Hören Sie den Wald flüstern?","Weißbirkenwald (Betula pendula) im Herbstnebel, Deutschland (© Duncan Usher/Minden Pictures)"
20241120,BeyondSaype,DE-DE,4165904776,"Kunst im Einklang mit der Natur","Riesiges Land-Art-Gemälde „Beyond Crisis“ von Saype, Leysin, Schweiz (© VALENTIN FLAURAUD/EPA-EFE/Shutterstock)"
20241121,LionCubs,DE-DE,4457487465,"Gemeinsam stark","Zwei Löwenjunge bei Sonnenaufgang, Südafrika (© Ruan Springorum/Getty Images)"
20241122,ZafraCastle,DE-DE,3961546434,"Echo der Mauern","Burg Zafra, Provinz Guadalajara, Spanien (© Eduard Gene/Getty Images)"
20241123,FibonacciAloe,DE-DE,3602004497,"Verborgene Geheimnisse der Natur","Spiralförmige Aloe, Kangaroo Island, Australien (© Michael Melford/Alamy)"
20241124,SonomaCoast,DE-DE,6907667505,"Meer, Nebel und Mysterien","Sonoma Coast State Park, Kalifornien, USA (© Rachid Dahnoun/Tandem Stills + Motion)"
20241125,RegensburgChristmasMarket,DE-DE,8576246094,"Festliche Vorfreude","Weihnachtsmarkt in Regensburg, Bayern (© Harald Nachtmann/Getty Images)"
20241126,TrulliGrove,DE-DE,7362573819,"Jahrhundertealtes Erbe","Olivenhain, Valle d'Itria, Apulien, Italien (© Massimo Santi/Shutterstock)"
20241127,SemoisRiver,DE-DE,8856578235,"Wenn Riesen rasten","Tombeau du Géant im Herbst, Bouillon, Belgien (© David Briard/Getty)"
20241128,AssiniboineTS,DE-DE,6120366928,"Im Atem der Wolken","Aufklarender Sturm bei Sonnenuntergang, Mount Assiniboine Provincial Park, Kanada (© Jeff Lewis/TANDEM Stills + Motion)"
20241129,MtStMichel,DE-DE,3578803710,"Im Bann der Zeit und Gezeiten","Mont-Saint-Michel, Normandie, Frankreich (© Captain Skyhigh/Getty Images)"
20241130,KilchurnAutumn,DE-DE,0282904512,"Spiegelbild des schottischen Erbes","Kilchurn Castle spiegelt sich im Loch Awe, Argyll und Bute, Schottland (© Tom Mackie/plainpicture)"
20241201,FreudenbergHistoricHouses,DE-DE,3863423728,"Zeit der Besinnung","Verschneite Fachwerkhäuser in Freudenberg bei Siegen, Nordrhein-Westfalen (© Thorsten Frisch/Shutterstock)"
20241202,SnowMoose,DE-DE,0618096568,"Majestät der Wildnis","Weiblicher Elch, Denali-Nationalpark, Alaska, USA (© Cavan Images/Alamy)"
20241203,JaipurFort,DE-DE,4173517386,"Das Vermächtnis der Säulen","Sattais Katcheri (Halle der 27 Säulen), Fort Amber, Rajasthan, Indien (© Yury Taranik/Shutterstock)"
20241204,RhinosKenya,DE-DE,1969801233,"In Gefahr, auszusterben","Männliche Breitmaulnashörner, Lake Nakuru, Kenia (© Ingo Arndt/Minden Pictures)"
20241205,MonoTufa,DE-DE,3076493863,"Wunder der Natur","Kalktuff-Formationen am Mono Lake, Kalifornien, USA (© Susanna Patras/TANDEM Stills + Motion)"
20241206,HelsinkiDusk,DE-DE,2937448278,"Alles Gute Finnland!","Altstadt in Helsinki, Finnland (© Oleksiy Mark/Shutterstock)"
20241207,ArraialdoCabo,DE-DE,6486743484,"Flucht ins Paradies?","Arraial do Cabo im Bundesstaat Rio de Janeiro, Brasilien (© Derson Santana/Shutterstock)"
20241208,ReopeningNotreDame,DE-DE,4961652428,"Das große Comeback","Kathedrale Notre-Dame, Paris, Frankreich (© Julien Fromentin/Getty Images)"
20241209,GuanacosChile,DE-DE,1043903141,"Wo die Gipfel den Himmel berühren","Zwei Guanakos, Nationalpark Torres del Paine, Chile (© Floris van Breugel/NPL/Minden Pictures)"
20241210,CornwallSnow,DE-DE,2370440399,"Schnee und Gischt im Morgenlicht?","Verschneiter Cornish Coast Path, Land's End, Cornwall, England (© Josef FitzGerald-Patrick/Getty Images)"
20241211,DolomitesSky,DE-DE,3083933099,"Die glorreichen Drei","Drei Zinnen, Italien (© Daniel Maran/Getty Images)"
20241212,FrozenLakebyWintrySunrise,DE-DE,6146213126,"Gefrorenes Blau im Morgenrot","Gefrorener See bei Wintersonnenaufgang, Deutschland (© Marc_Osborne/Getty Images)"
20241213,ChristmasBudapest,DE-DE,0464258749,"Advent rund um die Basilika","Weihnachtsmarkt, St. Stephans Basilika, Budapest, Ungarn (© Calin Stan/Shutterstock)"
20241214,NorthernHawkOwl,DE-DE,0106015482,"Wachsame Augen","Sperbereule, Kanada (© pchoui/Getty Images)"
20241215,MisurinaLake,DE-DE,0931532016,"Gespiegelte Schönheit","Misurinasee, Dolomiten, Italien (© Marco Bottigelli/Getty Images)"
20241216,SalzburgSnow,DE-DE,5352398270,"Musik liegt in der Luft","Salzburg, Österreich (© bluejayphoto/Getty Images)"
20241217,ReinefjordenNorway,DE-DE,5744534611,"Ein Hauch von Rot im Winterparadies","Traditionelle rote Fischerhütten am Ufer des Reinefjords, Norwegen (© Pilat666/Getty Images)"
20241218,NutcrackerBallet,DE-DE,4788718607,"Die Magie des Tanzes","English National Ballet bei der Aufführung von „Der Nussknacker“ (© Caroline Holden/Alamy Stock Photo)"
20241219,SibiuRomania,DE-DE,6226513054,"Winterlicher Lichterzauber","Weihnachtsmarkt in Hermannstadt (Sibiu), Rumänien (© Calin Stan/Alamy Stock Photo)"
20241220,SantaClausVillage,DE-DE,6517743209,"Ist es schon soweit?","Weihnachtsmanndorf in Rovaniemi, Lappland, Finnland (© Smelov/Shutterstock)"
20241221,SolsticeHalo,DE-DE,6991258679,"Ode an die Sonne","Halo um die Sonne, Erzgebirge, Sachsen, Deutschland (© Martin Ruegner/Getty Images)"
20241222,GermanyAdventWreath,DE-DE,0507962655,"Steht es schon vor der Tür?","Adventskranz, 4. Advent (© Asvolas/Getty Images)"
20241223,FestivusCranes,DE-DE,1009786321,"Yin und Yang?","Mandschurenkraniche in Kushiro, Hokkaido, Japan (© Wirestock, Inc./Alamy)"
20241224,SantaSnowglobe,DE-DE,7632109173,"Fröhliche Weihnachten allen heut’, Licht und Liebe für alle Leut’","Schneekugel mit dem Weihnachtsmann (© Cyril Gosselin/Getty Images)"
20241225,ReindeerTrio,DE-DE,1704555391,"Fröhliches Weihnachtsfest!","Spitzbergen-Rentiere im Van Mijenfjord NP, Norwegen (© Martin Zwick/REDA&amp;CO/Universal Images Group via Getty Images)"
20241226,MouseholeXmas,DE-DE,8175245850,"Die Ferien gehen weiter","Weihnachtsbeleuchtung im Hafen von Mousehole, Cornwall, England (© ianwool/Getty Images)"
20241227,LakeBledSnow,DE-DE,0780577347,"Wenn Wintermärchen wahr werden","Bleder See, Slowenien (© Kesu01/Getty Images)"
20241228,CoralTurtle,DE-DE,1141048085,"Schatten im Paradies","Eine Grüne Meeresschildkröte schwimmt im Pazifischen Ozean in der Nähe des französischen Überseegebiets Neukaledonien (© Damsea/Shutterstock)"
20241229,BorobudurBells,DE-DE,1793437311,"Auf dem heiligen Berg","Borobudur TeBorobudur-Tempel, Java, Indonesien (© Robertharding/Shutterstock)"
20241230,MountFieldNP,DE-DE,4643713603,"Ein Park für alle Jahreszeiten","Tasmanischer Schnee-Eukalyptus und Pandani-Pflanzen in der Nähe des Lake Dobson, Mount-Field-Nationalpark, Tasmanien, Australien (© Whitworth Images/Getty Images)"
20241231,BavariaNewYearsEveFireworks,DE-DE,4504129944,"Prosit Neujahr!","Silvesterfeuerwerk über der Stadt Garmisch-Partenkirchen mit Blick auf die Zugspitzgruppe, Bayern (© Marc Hohenleitner/Huber/eStock Photo)"
20250101,PolarBearSwim,DE-DE,5203449776,"Frohes neues Jahr!","Eisbären beim Spielen in der Arktis (© Ondrej Prosicky/Shutterstock)"
20250102,ArdezSwitzerland,DE-DE,7533597545,"Das funkelnde Dorf","Sternspuren über Ardez, Graubünden, Schweiz (© Roberto Moiola/Getty Images)"
20250103,TolkienOxford,DE-DE,5846503746,"Wo Wissen Tradition hat","Radcliffe Camera und All Souls College, Universität Oxford, England (© atiger/Shutterstock)"
20250104,VietnamFalls,DE-DE,6165029954,"Sind wir im Paradies?","Bản-Giốc-Detian-Wasserfälle am Quây Sơn Fluss, Vietnam (© Shane P. White/Minden Pictures)"
20250105,WinterLandscapeBavaria,DE-DE,6496709723,"Wo die Stille den Nebel umarmt","Winterlandschaft in Bayern, Deutschland (© wingmar/Getty Images)"
20250106,RavennaBasilica,DE-DE,6763936064,"Heiliges Gewässer?","Überschwemmte Krypta, Basilika von San Francesco, Ravenna, Italien (© Andrea Pucci/Getty Images)"
20250107,BouldersNZ,DE-DE,6991214761,"Faszination Steine","Moeraki Boulders bei Sonnenuntergang, Südinsel, Neuseeland (© Douglas Pearson/eStock Photo)"
20250108,GreatWallStairs,DE-DE,7232445822,"Mauer im Schneekleid","Schnee auf der Großen Mauer, China (© View Stock/Alamy)"
20250109,NamibiaDunes,DE-DE,7496419422,"Wandelnde Horizonte","Sossusvlei-Sanddünen, Namib-Wüste, Namibia (© Airpano/Amazing Aerial Agency)"
20250110,BubbleLake,DE-DE,3603764208,"Blasen im Eis gefangen","Abraham Lake, Alberta, Kanada (© Basic Elements Photography/Getty Images)"
20250111,GermanyAppleOnWinterTree,DE-DE,6727700722,"Ein Hauch von Rot im Winter","Apfel hängt an einem verschneiten Baum, Deutschland (© Westend61/Getty Images)"
20250112,CrescentTail,DE-DE,3317267643,"Unterwasser-Zauber","Riff-Großaugenbarsch im Great Barrier Reef, Australien (© Fred Bavendam/Minden Pictures)"
20250113,CoastalWales,DE-DE,5918144653,"Ruhe und Frieden","Cottage und Leuchtturm Tŵr Mawr, Ynys Llanddwyn, Wales, UK (© Westend61 on Offset/Shutterstock)"
20250114,CadizSpain,DE-DE,6446198457,"Andalusische Idylle","Zahara de la Sierra, Cádiz, Spanien (© SEN LI/Getty Images)"
20250115,MuseumCourt,DE-DE,6557412428,"Wo die Geschichte lebendig bleibt","Der Große Hof des British Museum, London, England (© Cavan Images/Offset/Shutterstock)"
20250116,BeardedTitsInSnowyReeds,DE-DE,6963696045,"Flügel der Treue","Bartmeisen (Panurus biarmicus) Männchen und Weibchen auf Nahrungssuche in verschneiten Schilfrohren, Baden-Wuerttemberg (© Martin Grimm/Alamy Stock Photo)"
20250117,NapoliPizza,DE-DE,7177948363,"Pizza im Paradies","Blick über den Golf von Neapel auf den Vesuv, Italien (© ezypix/Getty Images)"
20250118,WhiteSandsNP,DE-DE,3540462962,"Weißes Paradies","Sonnenuntergang im White-Sands-Nationalpark, New Mexico, USA (© Image Professionals GmbH/Alamy Stock Photo)"
20250119,NeptunesGrotto,DE-DE,3937457490,"Götter-Grotte","Grotta di Nettuno, Alghero, Sardinien, Italien (© Carlo Murenu/Getty Images)"
20250120,PelicanPortrait,DE-DE,4317425167,"Scharf beobachtet","Braunpelikan, San Diego, Kalifornien, USA (© Arthur Morris/BIRDS AS ART/Getty Images)"
20250121,DutchSquirrel,DE-DE,9795930868,"Aufmerksamer Beobachter","Eurasisches Eichhörnchen mit Fliegenpilz (© Edwin Giesbers/Minden Pictures)"
20250122,PetraMonastery,DE-DE,5253716041,"Die verlorene Stadt?","Ad-Deir, Petra, Jordanien (© Punnawit Suwuttananun/Getty Images)"
20250123,DeerValley,DE-DE,5666572987,"Abfahrt ins Kino","Deer Valley in der Abenddämmerung, Park City, Utah, USA (© Adventure_Photo/Getty Images)"
20250124,IcelandGeyser,DE-DE,1379578975,"Spektakuläres Naturschauspiel","Strokkur-Geysir in Island (© John and Tina Reid/Getty Images)"
20250125,PortoSunset,DE-DE,2650196473,"Die goldene Stunde","Porto, Portugal (© Starcevic/Getty Images)"
20250126,FrostedBeech,DE-DE,3039006645,"Elegantes Altern","Rotbuchenwald in Belgien (© Philippe Moes/Minden Pictures)"
20250127,CanyonSnow,DE-DE,3570405094,"Schauspiel aus Farben und Formen","Zoroaster Temple, Grand-Canyon-Nationalpark, Arizona, USA (© Nick Lake/Tandem Stills + Motion)"
20250128,FlyingOwl,DE-DE,4640467598,"Anmut im Schneegestöber","Sumpfohreule bei der Jagd im starken Schneefall (© Dilshan Muthalib/Getty Images)"
20250129,LunarDragon,DE-DE,8035550106,"Möge der Drache mit Ihnen sein","Drachentanz, Wuhan, China (© Miao Jian/Wuhan Morning Post/Visual China Group via Getty Images)"
20250130,OrdesaSpain,DE-DE,0076469296,"In schwindelnden Höhen","Rolandsbresche, Nationalpark Ordesa y Monte Perdido, Spanien (© Inaki Relanzon/Nature Picture Library/Alamy)"
20250131,PlainsZebra,DE-DE,9982406079,"Einzigartige Anpassungskünstler","Steppenzebras bei Sonnenaufgang, Mokala-Nationalpark, Südafrika (© EcoPrint/Shutterstock)"
20250201,FestungKonigsteinElbsandsteingebirge,DE-DE,4868440436,"Schnee und Stein","Festung Königstein, Sächsische Schweiz, Deutschland (© Bildagentur-online/Exss/Alamy)"
20250202,WaddenSeaBiosphereReserve,DE-DE,2245895557,"Unberührtes Naturparadies","Westerhever, Nationalpark Schleswig-Holsteinisches Wattenmeer (© 3quarks/Getty Images)"
20250203,RibbleheadViaduct,DE-DE,0601273840,"Historisches Juwel","Ribblehead-Viadukt und Ingleborough-Berg, North Yorkshire, England, UK (© AWL Images/DanitaDelimont.com)"
20250204,GoldenBridge,DE-DE,8445682123,"Auf Händen getragen","Goldene Brücke, Bà Nà Hills, Da Nang, Vietnam (© Hien Phung Thu/Shutterstock)"
20250205,ScottishSheep,DE-DE,0235532190,"Von wegen schwarzes Schaf","Scottish Blackface-Schaf, Aberdeenshire, Schottland (© Mike Powles/Getty Images)"
20250206,WhararikiBeach,DE-DE,0573200423,"Die Sprache der Felsen","Archway Islands, Wharariki Beach, Südinsel, Neuseeland (© Francesco Vaninetti/AWL/plainpicture)"
20250207,BlueNorway,DE-DE,6219110826,"Die blaue Stunde","Blaue Stunde in Trondheim, Norwegen (© Jeanny Mueller/Getty Images)"
20250208,SnowySvaneti,DE-DE,7103298381,"Eingefroren in der Zeit","Mittelalterliche Türme in Mestia, Oberswanetien, Georgien (© photoaliona/Getty Images)"
20250209,LeonardoGlassCubeBadDriburg,DE-DE,7335934587,"Design und Avantgarde","Leonardo Glass Cube, Bad Driburg, Nordrhein-Westfalen (© Nathan Willock-VIEW/Alamy Stock Foto)"
20250210,UmbrellaDay,DE-DE,7581909470,"Regenschirme, soweit das Auge reicht","Kunstinstallation von Regenschirmen, Borough Market, London, England (© Malcolm P Chapman/Getty Images)"
20250211,YungangGrottoes,DE-DE,7812500680,"Wächter unendlicher Weisheit","Yungang-Grotten, Datong, Provinz Shanxi, China (© Eric Yang/Getty Images)"
